GeoType;GEOID;name;TotalPop;happening;happeningOppose;real_parthuman;real_parthumanOppose;real_human;real_humanOppose;captrade_bin;captrade_binOppose;carbon_tax_bin;carbon_tax_binOppose
National;National;Canada;25997060;78.609;15.519;61.219;38.781;44.237;55.763;65.93;26.926;49.484;44.011
Province;48;Alberta;2880655;66.952;25.447;47.399;52.601;27.988;72.012;62.2;31.79;44.14;49.259
Province;59;British Columbia;3647375;82.135;12.153;62.149;37.851;42.161;57.839;62.843;29.466;57.061;36.386
Province;46;Manitoba;941640;67.771;24.462;58.468;41.532;42.238;57.762;65.012;27.506;50.404;42.014
Province;13;New Brunswick;589435;75.462;17.832;55.586;44.414;41.712;58.288;66.62;26.039;45.72;48.122
Province;10;Newfoundland;430840;76.45;22.801;54.521;45.479;45.519;54.481;62.124;32.944;44.558;50.474
Province;12;Nova Scotia;762980;87.045;7.163;61.156;38.844;45.382;54.618;66.719;26.597;48.684;44.964
Province;35;Ontario;10410965;78.721;15.125;63.071;36.929;46.235;53.765;65.768;26.851;49.422;44.024
Province;11;Prince Edward Island;113350;81.738;12.806;59.511;40.489;41.133;58.867;70.404;22.824;45.742;47.21
Province;24;Quebec;5409365;85.226;10.553;67.891;32.109;52.562;47.438;70.964;21.842;49.006;44.728
Province;47;Saskatchewan;810455;66.22;25.894;48.988;51.012;32.928;67.072;62.775;30.754;43.919;49.265
Riding;10001;Avalon;66615;75.27;22.413;53.906;46.094;41.086;58.914;65.998;29.841;40.579;52.975
Riding;10002;Bonavista-Burin-Trinity;65735;74.445;20.354;53.937;46.063;42.845;57.155;66.663;28.668;43.524;48.939
Riding;10003;Coast of Bays-Central-Notre Dame;65665;74.948;20.244;52.34;47.66;41.227;58.773;66.716;28.494;42.272;50.316
Riding;10005;Long Range Mountains;74485;76.697;18.898;54.836;45.164;44.115;55.885;67.945;27.596;44.369;48.616
Riding;10006;St. John's East;67580;83.382;16.14;66.017;33.983;48.252;51.748;70.296;25.877;46.661;47.524
Riding;10007;St. John's South-Mount Pearl;69145;80.935;17.818;62.061;37.939;46.88;53.12;69.181;26.906;43.066;51.387
Riding;11001;Cardigan;29160;80.116;14.598;60.947;39.053;45.434;54.566;66.725;28.168;43.742;49.633
Riding;11002;Charlottetown;28255;84.859;10.447;68.042;31.958;52.716;47.284;69.114;25.089;51.678;41.617
Riding;11003;Egmont;27385;72.872;18.734;51.295;48.705;37.4;62.6;62.414;31.221;39.538;52.723
Riding;11004;Malpeque;28315;81.273;14.286;63.634;36.366;46.03;53.97;66.726;28.015;43.838;49.866
Riding;12001;Cape Breton-Canso;62620;83.216;8.571;57.017;42.983;44.061;55.939;67.145;27.63;43.104;50.43
Riding;12002;Central Nova;62245;79.66;10.239;55.354;44.646;39.593;60.407;63.124;30.572;41.8;51.166
Riding;12003;Cumberland-Colchester;67755;80.823;9.271;55.64;44.36;39.406;60.594;63.543;29.567;44.388;48.817
Riding;12004;Dartmouth-Cole Harbour;75730;89.075;5.663;69.666;30.334;52.178;47.822;70.045;24.262;51.96;40.914
Riding;12005;Halifax;78605;90.869;4.148;73.627;26.373;55.404;44.596;71.972;21.998;60.269;33.844
Riding;12006;Halifax West;71465;88.455;5.905;69.095;30.905;51.002;48.998;69.64;24.766;51.989;41.947
Riding;12007;Kings-Hants;68550;86.668;6.949;64.468;35.532;46.836;53.164;67.334;26.381;49.798;43.294
Riding;12008;Sackville-Preston-Chezzetcook;69065;88.03;6.763;67.222;32.778;49.38;50.62;68.766;25.805;47.372;45.837
Riding;12009;South Shore-St. Margarets;78170;84.529;7.719;60.647;39.353;44.406;55.594;66.163;27.517;47.596;45.547
Riding;12010;Sydney-Victoria;60630;81.333;9.11;56.947;43.053;42.189;57.811;66.082;28.535;43.827;49.285
Riding;12011;West Nova;67330;82.556;8.207;57.485;42.515;43.657;56.343;64.947;28.023;46.541;46.024
Riding;13001;Acadie-Bathurst;59125;80.939;15.485;58.624;41.376;44.886;55.114;68.873;24.474;40.628;53.897
Riding;13002;Beausejour;59180;80.318;15.605;60.566;39.434;45.905;54.095;67.2;26.04;43.744;49.855
Riding;13003;Fredericton;65915;79.215;14.517;63.583;36.417;46.221;53.779;66.012;27.691;49.712;43.543
Riding;13004;Fundy Royal;63945;72.919;20.945;51.577;48.423;35.898;64.102;62.298;31.598;42.166;50.717
Riding;13005;Madawaska-Restigouche;45480;74.189;18.133;51.971;48.029;43.026;56.974;65.002;27.4;39.995;53.805
Riding;13006;Miramichi-Grand Lake;48200;68.375;22.073;45.076;54.924;35.009;64.991;62.058;31.445;41.134;51.027
Riding;13007;Moncton-Riverview-Dieppe;70180;79.739;14.565;61.542;38.458;45.603;54.397;67.144;26.442;48.307;44.958
Riding;13008;New Brunswick Southwest;54315;72.486;19.211;54.276;45.724;39.716;60.284;62.837;30.824;42.874;50.378
Riding;13009;Saint John-Rothesay;66695;72.647;17.431;52.323;47.677;40.513;59.487;64.341;29.406;44.953;48.457
Riding;13010;Tobique-Mactaquac;55715;71.127;20.437;53.524;46.476;38.185;61.815;61.454;31.471;42.379;49.887
Riding;24001;Abitibi-Baie-James-Nunavik-Eeyou;56295;78.149;15.682;52.619;47.381;38.48;61.52;67.115;25.58;41.476;51.486
Riding;24002;Abitibi-Temiscamingue;68390;83.095;13.305;60.302;39.698;43.678;56.322;69.88;23.221;41.928;50.938
Riding;24003;Ahuntsic-Cartierville;76725;88.656;6.741;74.415;25.585;59.785;40.215;73.149;19.253;61.191;32.088
Riding;24004;Alfred-Pellan;65965;87.205;9.18;72.431;27.569;56.851;43.149;71.819;21.273;50.12;43.136
Riding;24005;Argenteuil-La Petite-Nation;65840;84.698;10.742;65.107;34.893;52.485;47.515;70.26;22.451;46.612;46.917
Riding;24006;Avignon-La Mitis-Matane-Matapedia;50475;83.639;11.223;63.531;36.469;52.464;47.536;70.242;22.492;45.584;47.304
Riding;24007;Beauce;69535;73.716;18.435;54.607;45.393;42.462;57.538;62.911;28.414;36.031;57.901
Riding;24008;Beauport-Limoilou;63130;82.644;11.26;62.634;37.366;50.476;49.524;68.783;23.101;45.966;47.438
Riding;24009;Becancour-Nicolet-Saurel;62875;83.989;11.195;66.04;33.96;52.196;47.804;70.327;22.415;43.498;50.529
Riding;24010;Bellechasse-Les Etchemins-Levis;73320;78.093;16.118;58.376;41.624;44.609;55.391;64.848;26.867;40.314;52.572
Riding;24011;Beloeil-Chambly;69590;88.702;9.082;74.012;25.988;57.661;42.339;72.381;20.838;48.036;45.982
Riding;24012;Berthier-Maskinonge;66665;85.502;10.83;68.335;31.665;54.162;45.838;70.477;22.142;44.39;49.926
Riding;24013;Therese-De Blainville;63135;87.884;9.268;72.754;27.246;57.652;42.348;72.037;21.038;48.903;44.979
Riding;24014;Pierre-Boucher-Les Patriotes-Vercheres;62220;87.815;9.141;73.017;26.983;58.298;41.702;72.461;20.856;49.274;44.816
Riding;24015;Bourassa;67610;86.91;7.523;70.109;29.891;58.17;41.83;71.988;19.736;56.329;36.722
Riding;24016;Brome-Missisquoi;69920;86.688;10.023;70.172;29.828;54.181;45.819;71.169;21.91;48.879;44.003
Riding;24017;Brossard-Saint-Lambert;72945;88.37;7.34;74.245;25.755;58.855;41.145;72.696;20.091;57.828;36.426
Riding;24018;Rimouski-Neigette-Temiscouata-Les Basques;55885;84.575;10.972;66.293;33.707;53.554;46.446;70.455;22.297;44.182;50.551
Riding;24019;Charlesbourg-Haute-Saint-Charles;67155;82.275;12.641;65.448;34.552;50.255;49.745;67.982;24.249;43.779;49.939
Riding;24020;Beauport-Cote-de-Beaupre-Ile d'Orleans-Charlevoix;60885;83.156;12.26;65.225;34.775;51.442;48.558;68.963;23.592;43.659;50.178
Riding;24021;Chateauguay-Lacolle;62670;86.484;10.03;70.906;29.094;55.632;44.368;71.033;22.013;47.266;45.939
Riding;24022;Chicoutimi-Le Fjord;54540;82.28;13.518;65.79;34.21;48.492;51.508;68.351;24.344;41.786;51.313
Riding;24023;Compton-Stanstead;67170;85.889;10.204;69.564;30.436;54.338;45.662;71.186;21.998;47.645;46.161
Riding;24024;Dorval-Lachine-LaSalle;79065;86.992;8.044;72.906;27.094;57.409;42.591;71.708;21.125;57.815;35.026
Riding;24025;Drummond;64025;83.946;11.287;63.978;36.022;52.328;47.672;69.95;22.606;45.61;47.824
Riding;24026;Gaspesie-Les Iles-de-la-Madeleine;112560;83.096;12.391;63.386;36.614;51.346;48.654;68.993;23.473;45.17;47.612
Riding;24027;Gatineau;72435;87.332;8.936;71.138;28.862;57.251;42.749;72.121;20.71;49.376;43.262
Riding;24028;Hochelaga;73855;87.32;7.107;72.042;27.958;58.358;41.642;72.619;19.384;59.631;33.525
Riding;24029;Honore-Mercier;72195;85.735;8.917;69.363;30.637;56.602;43.398;71.329;21.224;53.017;40.028
Riding;24030;Hull-Aylmer;74350;88.631;7.542;75.286;24.714;59.337;40.663;72.883;20;57.388;36.1
Riding;24031;Joliette;68835;86.423;9.845;68.729;31.271;55.5;44.5;71.228;21.368;48.528;44.913
Riding;24032;Jonquiere;56145;79.943;15.474;59.31;40.69;45.845;54.155;66.431;26.045;40.054;53.395
Riding;24033;La Pointe-de-l'Ile;71185;87.502;8.491;71.877;28.123;57.257;42.743;71.992;20.335;53.125;40.24
Riding;24034;La Prairie;64780;88.74;9.21;74.808;25.192;58.485;41.515;72.172;21.049;49.304;44.049
Riding;24035;Lac-Saint-Jean;68150;73.925;17.378;52.371;47.629;41.764;58.236;64.417;27.447;37.687;55.301
Riding;24036;Lac-Saint-Louis;82050;84.613;9.91;70.379;29.621;53.427;46.573;70.016;23.669;53.691;39.765
Riding;24037;LaSalle-Emard-Verdun;78630;86.931;7.396;68.953;31.047;57.482;42.518;72.36;20.068;58.166;35.134
Riding;24038;Laurentides-Labelle;76820;86.944;9.694;70.454;29.546;55.873;44.127;71.526;21.358;48.062;45.466
Riding;24039;Laurier-Sainte-Marie;83660;90.03;5.245;78.421;21.579;62.887;37.113;74.539;17.865;69.064;25.101
Riding;24040;Laval-Les Iles;70670;87.69;8.989;70.445;29.555;55.378;44.622;71.185;21.678;51.436;41.46
Riding;24041;Longueuil-Charles-LeMoyne;74575;86.922;8.341;71.372;28.628;56.463;43.537;71.715;20.613;53.02;40.761
Riding;24042;Levis-Lotbiniere;67245;79.615;15.16;62.222;37.778;47.502;52.498;66.09;26.216;42.081;51.441
Riding;24043;Longueuil-Saint-Hubert;70970;87.817;8.367;72.171;27.829;57.375;42.625;72.362;20.283;50.913;43.29
Riding;24044;Louis-Hebert;71790;84.855;9.817;70.618;29.382;55.222;44.778;70.957;21.923;52.377;40.306
Riding;24045;Louis-Saint-Laurent;70035;80.012;14.045;61.156;38.844;48.031;51.969;66.705;25.448;41.049;53.673
Riding;24046;Manicouagan;192540;84.254;13.318;53.615;46.385;43.132;56.868;69.604;23.408;40.731;54.111
Riding;24047;Megantic-L'Erable;58930;70.492;19.583;47.594;52.406;37.76;62.24;62.507;28.802;36.836;55.77
Riding;24048;Mirabel;64260;87.746;9.737;71.271;28.729;55.547;44.453;71.556;21.356;47.087;46.87
Riding;24049;Montarville;61505;88.224;9.01;74.636;25.364;58.865;41.135;72.47;20.87;48.788;44.859
Riding;24050;Montcalm;64575;87.256;9.85;69.85;30.15;55.96;44.04;71.506;21.292;43.81;51.287
Riding;24051;Montmagny-L'Islet-Kamouraska-Riviere-du-Loup;64335;76.229;16.377;53.217;46.783;42.384;57.616;65.44;26.408;38.901;54.779
Riding;24052;Mount Royal;75655;85.415;7.548;71.037;28.963;52.668;47.332;69.362;21.913;65.101;27.949
Riding;24053;Notre-Dame-de-Grace-Westmount;82325;87.901;6.47;74.997;25.003;58.046;41.954;72.78;20.182;65.219;28.689
Riding;24054;Outremont;75205;89.799;5.174;78.033;21.967;61.829;38.171;74.395;17.964;69.828;24.415
Riding;24055;Papineau;79900;89.137;5.884;75.728;24.272;59.294;40.706;73.405;18.412;64.304;29.131
Riding;24056;Pierrefonds-Dollard;81445;85.636;8.898;70.623;29.377;53.225;46.775;70.098;22.679;55.905;37.538
Riding;24057;Pontiac;74945;83.727;11.299;66.911;33.089;51.256;48.744;69.11;23.719;48.697;43.985
Riding;24058;Portneuf-Jacques-Cartier;66410;83.205;13.006;66.23;33.77;50.766;49.234;68.391;24.344;43.243;50.757
Riding;24059;Quebec;68930;85.962;9.102;70.512;29.488;55.618;44.382;71.008;21.283;53.878;38.833
Riding;24060;Repentigny;72910;87.955;9.475;70.313;29.687;57.119;42.881;72.049;21.02;45.221;49.89
Riding;24061;Richmond-Arthabaska;67735;82.103;12.763;61.69;38.31;48.794;51.206;68.27;24.002;42.433;50.649
Riding;24062;Riviere-des-Mille-Iles;68115;87.739;9.148;71.602;28.398;56.44;43.56;71.745;21.118;48.519;45.838
Riding;24063;Riviere-du-Nord;67795;87.805;9.644;72.707;27.293;56.496;43.504;71.572;21.126;46.222;47.649
Riding;24064;Rosemont-La Petite-Patrie;77320;89.909;6.081;78.508;21.492;62.339;37.661;74.029;18.262;64.09;29.719
Riding;24065;Marc-Aurele-Fortin;63260;88.128;8.907;73.754;26.246;57.874;42.126;72.171;20.906;50.099;43.427
Riding;24066;Saint-Hyacinthe-Bagot;65480;85.001;10.956;68.444;31.556;52.261;47.739;70.019;22.314;45.904;46.952
Riding;24067;Saint-Jean;71425;87.244;9.959;71.048;28.952;55.689;44.311;71.296;21.486;46.519;47.453
Riding;24068;Saint-Laurent;66925;88.128;6.768;74.379;25.621;56.729;43.271;71.736;20.1;62.916;30.225
Riding;24069;Saint-Leonard-Saint-Michel;76905;86.119;7.836;68.306;31.694;55.236;44.764;71.24;20.394;58.26;34.515
Riding;24070;Saint-Maurice-Champlain;74185;83.664;11.629;66.226;33.774;53.036;46.964;69.647;22.932;43.6;50.208
Riding;24071;Salaberry-Suroit;73555;85.807;11.203;68.758;31.242;53.044;46.956;70.425;22.512;45.132;48.345
Riding;24072;Shefford;71895;85.671;10.412;67.344;32.656;54.158;45.842;70.477;21.965;45.238;48.277
Riding;24073;Sherbrooke;72630;87.559;8.636;71.029;28.971;57.494;42.506;72.214;20.471;53.362;39.082
Riding;24074;Vaudreuil-Soulanges;76520;87.368;9.826;71.769;28.231;55.483;44.517;71.047;22.426;49.646;44.054
Riding;24075;Terrebonne;67765;88.907;9.301;75.053;24.947;58.301;41.699;72.043;20.959;47.546;46.652
Riding;24076;Trois-Rivieres;73255;86.79;10.041;71.248;28.752;56.805;43.195;71.181;21.608;48.56;43.907
Riding;24077;Ville-Marie-Le Sud-Ouest-Ile-des-Soers;82160;88.722;5.895;74.229;25.771;59.325;40.675;73.412;19.275;65.893;28.541
Riding;24078;Vimy;72505;87.358;8.408;71.41;28.59;57.179;42.821;71.617;20.744;54.01;39.246
Riding;35001;Ajax;86100;80.929;14.012;66.021;33.979;46.864;53.136;66.511;26.211;49.317;44.03
Riding;35002;Algoma-Manitoulin-Kapuskasing;64010;77.386;16.37;55.534;44.466;41.758;58.242;66.624;26.286;43.908;49.181
Riding;35003;Aurora-Oak Ridges-Richmond Hill;82320;81.458;13.167;67.433;32.567;47.1;52.9;66.098;25.939;53.127;40.043
Riding;35004;Barrie-Innisfil;78595;72.829;18.666;53.683;46.317;39.185;60.815;62.367;29.727;43.85;48.726
Riding;35005;Barrie-Springwater-Oro-Medonte;79845;76.797;16.647;60.505;39.495;43.179;56.821;64.051;28.276;46.472;46.053
Riding;35006;Bay of Quinte;90245;77.89;15.876;60.926;39.074;44.283;55.717;64.402;27.756;47.3;45.541
Riding;35007;Beaches-East York;87130;86.553;8.388;72.961;27.039;55.172;44.828;71.255;21.376;62.423;31.139
Riding;35008;Brampton Centre;83015;81;13.299;64.896;35.104;46.166;53.834;65.847;25.907;52.183;40.483
Riding;35009;Brampton East;74835;88.769;7.796;75.449;24.551;54.103;45.897;70.173;21.03;63.663;29.884
Riding;35010;Brampton North;88105;82.27;12.641;67.683;32.317;46.489;53.511;65.788;25.591;52.171;40.751
Riding;35011;Brampton South;85030;82.18;12.1;65.574;34.426;47.174;52.826;66.437;25.042;53.602;39.597
Riding;35012;Brampton West;75710;81.968;12.211;66.021;33.979;48.754;51.246;67.341;24.848;52.684;39.91
Riding;35013;Brantford-Brant;105710;79.328;14.807;61.951;38.049;44.881;55.119;65.283;26.864;49.426;43.208
Riding;35014;Bruce-Grey-Owen Sound;87330;74.469;18.206;56.571;43.429;38.507;61.493;62.983;29.209;44.829;48.324
Riding;35015;Burlington;100745;77.265;16.585;63.051;36.949;44.365;55.635;64.592;28.149;45.824;47.797
Riding;35016;Cambridge;89120;76.428;16.713;56.711;43.289;42.22;57.78;64.063;28.157;44.857;48.226
Riding;35017;Chatham-Kent-Leamington;88330;74.165;18.576;56.285;43.715;41.371;58.629;63.365;29.143;40.584;52.859
Riding;35018;Davenport;88495;86.071;8.582;71.466;28.534;56.45;43.55;71.828;20.977;59.866;33.397
Riding;35019;Don Valley East;76850;82.96;10.716;69.144;30.856;50.467;49.533;68.537;23.553;58.322;34.245
Riding;35020;Don Valley North;87890;83.851;9.824;68.533;31.467;50.01;49.99;68.565;23.064;60.329;33.05
Riding;35021;Don Valley West;80075;82.896;10.692;66.897;33.103;48.807;51.193;67.995;24.003;62.349;30.562
Riding;35022;Dufferin-Caledon;91975;74.489;18.608;58.096;41.904;41.482;58.518;63.027;29.592;42.615;49.646
Riding;35023;Durham;91450;76.477;16.922;59.791;40.209;43.27;56.73;63.979;28.512;45.568;46.833
Riding;35024;Eglinton-Lawrence;90200;80.426;11.778;63.995;36.005;47.038;52.962;66.912;24.841;57.431;35.871
Riding;35025;Elgin-Middlesex-London;87265;74.036;17.94;55.345;44.655;40.665;59.335;62.896;29.174;42.831;51.231
Riding;35026;Essex;94935;75.069;17.739;57.135;42.865;43.426;56.574;64.834;28.491;41.831;52.016
Riding;35027;Etobicoke Centre;95765;77.63;14.325;59.028;40.972;46.401;53.599;66.943;26.213;49.732;43.381
Riding;35028;Etobicoke-Lakeshore;98735;79.599;13.306;61.327;38.673;48.147;51.853;67.617;25.493;52.116;41.095
Riding;35029;Etobicoke North;92575;84.026;9.768;68.943;31.057;51.088;48.912;68.725;22.834;58.744;34.303
Riding;35030;Flamborough-Glanbrook;77235;75.74;17.837;58.653;41.347;42.888;57.112;64.023;28.908;43.44;49.389
Riding;35031;Glengarry-Prescott-Russell;77370;74.277;19.435;55.803;44.197;42.754;57.246;63.873;28.07;38.326;55.593
Riding;35032;Guelph;98675;84.883;11.464;69.54;30.46;50.403;49.597;68.995;23.97;52.558;41.079
Riding;35033;Haldimand-Norfolk;87920;75.497;17.695;56.634;43.366;41.072;58.928;64.063;28.612;42.273;51.674
Riding;35034;Haliburton-Kawartha Lakes-Brock;92230;74.075;18.249;55.079;44.921;40.021;59.979;62.433;29.537;44.699;48.512
Riding;35035;Hamilton Centre;82630;85.241;9.529;69.482;30.518;52.927;47.073;70.047;22.358;58.184;34.459
Riding;35036;Hamilton East-Stoney Creek;89300;81.367;12.969;64.793;35.207;48.211;51.789;67.258;25.147;50.525;42.386
Riding;35037;Hamilton Mountain;85165;82.74;12.446;66.623;33.377;50.221;49.779;68.359;24.587;50.991;41.44
Riding;35038;Hamilton West-Ancaster-Dundas;88205;81.526;13.403;66.636;33.364;48.859;51.141;67.291;25.728;49.935;43.791
Riding;35039;Hastings-Lennox and Addington;75535;74.82;17.875;55.478;44.522;41.38;58.62;63.472;28.955;43.78;49.21
Riding;35040;Huron-Bruce;85560;72.627;19.981;52.478;47.522;38.409;61.591;63.02;29.962;40.468;52.061
Riding;35041;Kanata-Carleton;78135;78.863;15.125;62.996;37.004;46.286;53.714;65.351;27.286;49.226;43.827
Riding;35042;Kenora;42635;75.756;16.894;53.328;46.672;36.413;63.587;64.217;27.77;47.775;44.578
Riding;35043;King-Vaughan;84345;76.591;16.749;61.03;38.97;44.073;55.927;64.01;28.345;46.712;45.375
Riding;35044;Kingston and the Islands;95465;83.593;11.711;67.98;32.02;51.262;48.738;68.772;24.248;52.702;39.841
Riding;35045;Kitchener Centre;85330;81.427;13.213;65.64;34.36;47.531;52.469;67.097;25.528;49.971;42.869
Riding;35046;Kitchener-Conestoga;71815;76.591;17.306;59.295;40.705;43.014;56.986;64.174;28.557;43.392;49.475
Riding;35047;Kitchener South-Hespeler;77035;79.54;15.676;63.458;36.542;45.124;54.876;64.932;27.526;45.911;47.582
Riding;35048;Lambton-Kent-Middlesex;84610;74.201;18.28;54.167;45.833;40.165;59.835;62.694;29.422;42.996;49.932
Riding;35049;Lanark-Frontenac-Kingston;80615;73.695;19.431;55.268;44.732;40.177;59.823;62.576;30.003;41.678;52.179
Riding;35050;Leeds-Grenville-Thousand Islands and Rideau Lakes;82175;72.367;19.801;54.216;45.784;39.431;60.569;62.287;30.244;41.195;52.046
Riding;35051;London-Fanshawe;96060;83.784;11.674;69.27;30.73;50.612;49.388;68.177;24.263;52.239;41.078
Riding;35052;London North Centre;99425;83.294;11.425;68.039;31.961;49.981;50.019;68.35;24.271;52.612;41.365
Riding;35053;London West;97500;80.815;13.689;65.126;34.874;47.702;52.298;66.789;25.992;51.265;41.943
Riding;35054;Markham-Stouffville;86785;80.453;13.962;65.319;34.681;46.624;53.376;65.91;26.402;51.383;41.628
Riding;35055;Markham-Thornhill;86430;87.194;8.368;74.19;25.81;52.7;47.3;68.986;21.714;63.206;30.25
Riding;35056;Markham-Unionville;85700;83.961;10.811;69.575;30.425;48.369;51.631;67.364;23.899;58.967;34.071
Riding;35057;Milton;65290;78.569;16.161;61.152;38.848;43.343;56.657;64.772;27.924;45.872;47.349
Riding;35058;Mississauga Centre;99100;84.135;11.433;69.516;30.484;49.263;50.737;67.849;24.324;56.794;36.305
Riding;35059;Mississauga East-Cooksville;100850;79.847;13.658;64.296;35.704;47.198;52.802;66.592;25.878;50.205;43.144
Riding;35060;Mississauga-Erin Mills;93695;82.163;12.926;67.266;32.734;47.001;52.999;66.876;25.539;52.132;41.557
Riding;35061;Mississauga-Lakeshore;97995;78.855;14.546;62.552;37.448;46.283;53.717;66.133;26.694;49.279;43.235
Riding;35062;Mississauga-Malton;92830;85.002;10.379;71.034;28.966;50.801;49.199;68.398;23.422;57.753;34.796
Riding;35063;Mississauga-Streetsville;95105;80.47;13.921;63.902;36.098;46.536;53.464;66.567;26.174;49.437;44.017
Riding;35064;Nepean;80985;79.288;14.267;59.626;40.374;46.018;53.982;65.865;26.642;50.346;42.239
Riding;35065;Newmarket-Aurora;86925;78.559;15.863;62.866;37.134;44.825;55.175;64.753;27.728;47.475;44.746
Riding;35066;Niagara Centre;86695;80.696;15.103;65.077;34.923;46.732;53.268;66.617;26.452;46.219;46.937
Riding;35067;Niagara Falls;105620;76.078;17.328;60.6;39.4;42.91;57.09;63.949;28.582;44.681;48.336
Riding;35068;Niagara West;69685;73.163;19.368;56.033;43.967;41.39;58.61;62.862;29.959;42.535;50.783
Riding;35069;Nickel Belt;68625;79.082;18.972;54.999;45.001;37.201;62.799;66.861;26.797;39.304;53.869
Riding;35070;Nipissing-Timiskaming;73060;79.378;15.603;59.877;40.123;42.899;57.101;66.731;26.312;45.915;47.098
Riding;35071;Northumberland-Peterborough South;88850;76.153;17.259;56.811;43.189;42.389;57.611;63.956;28.577;45.522;47.633
Riding;35072;Oakville;97645;77.001;15.772;61.382;38.618;44.864;55.136;65.381;27.548;47.707;45.971
Riding;35073;Oakville North-Burlington;85605;77.508;16.21;62.582;37.418;44.807;55.193;65.221;27.861;47.566;44.994
Riding;35074;Oshawa;104070;76.879;15.778;60.262;39.738;43.464;56.536;64.366;27.681;46.686;46.597
Riding;35075;Ottawa Centre;95230;87.112;7.984;74.297;25.703;57.811;42.189;72.103;20.921;64.185;29.509
Riding;35076;Orleans;90845;77.02;15.008;60.697;39.303;46.888;53.112;66.308;26.299;47.75;45.997
Riding;35077;Ottawa South;97825;83.178;10.682;67.89;32.11;50.963;49.037;69.039;23.341;58.159;34.408
Riding;35078;Ottawa-Vanier;88535;83.093;10.306;67.484;32.516;53.215;46.785;69.799;22.557;55;39.286
Riding;35079;Ottawa West-Nepean;91710;81.018;12.444;66.51;33.49;48.667;51.333;66.877;25.218;55.79;37.121
Riding;35080;Oxford;87015;74.144;18.662;55.677;44.323;40.183;59.817;62.594;29.598;43.461;48.408
Riding;35081;Parkdale-High Park;86940;87.19;7.478;73.986;26.014;58.155;41.845;72.874;20.289;64.359;29.582
Riding;35082;Parry Sound-Muskoka;76235;75.408;17.135;56.643;43.357;41.101;58.899;63.425;28.669;46.74;45.944
Riding;35083;Perth-Wellington;82440;71.953;18.957;53.339;46.661;40.425;59.575;63.133;29.503;41.341;49.831
Riding;35084;Peterborough-Kawartha;95955;76.242;15.987;56.691;43.309;42.596;57.404;64.85;27.637;48.281;42.959
Riding;35085;Pickering-Uxbridge;89415;79.65;14.522;62.789;37.211;46.087;53.913;66.079;26.623;48.669;44.693
Riding;35086;Renfrew-Nipissing-Pembroke;82975;74.591;18.903;54.978;45.022;40.479;59.521;63.436;29.418;41.038;52.154
Riding;35087;Richmond Hill;92800;83.597;11.032;68.586;31.414;48.769;51.231;67.84;24.019;57.354;35.848
Riding;35088;Carleton;68610;73.478;19.187;56.183;43.817;40.877;59.123;63.047;29.901;43.128;50.113
Riding;35089;St. Catharines;92390;76.011;15.99;60.06;39.94;44.753;55.247;64.733;27.668;45.75;47.132
Riding;35090;Toronto-St. Paul's;89430;84.127;9.352;70.782;29.218;52.849;47.151;70.139;22.432;62.938;30.38
Riding;35091;Sarnia-Lambton;87510;75.058;17.51;57.086;42.914;40.457;59.543;63.861;28.617;44.517;47.158
Riding;35092;Sault Ste. Marie;68325;79.463;14.949;61.648;38.352;46.268;53.732;66.576;26.483;46.208;47.522
Riding;35093;Scarborough-Agincourt;89535;85.083;8.988;68.998;31.002;51.191;48.809;69.001;21.928;61.906;30.787
Riding;35094;Scarborough Centre;88685;81.547;10.546;63.243;36.757;49.61;50.39;68.183;23.551;57.222;36.085
Riding;35095;Scarborough-Guildwood;81540;83.094;10.129;67.578;32.422;50.276;49.724;68.428;23.276;58.655;34.026
Riding;35096;Scarborough North;84130;86.322;8.471;71.919;28.081;52.072;47.928;69.123;21.511;62.462;29.508
Riding;35097;Scarborough-Rouge Park;84130;84.725;10.06;70.442;29.558;51.932;48.068;69.28;23.059;56.891;36.991
Riding;35098;Scarborough Southwest;86130;82.273;10.258;64.883;35.117;50.245;49.755;68.809;23.249;57.421;35.628
Riding;35099;Simcoe-Grey;94620;78.236;16.286;61.921;38.079;44.141;55.859;64.964;27.763;46.237;46.223
Riding;35100;Simcoe North;89655;75.811;17.286;59.142;40.858;42.744;57.256;63.777;28.552;46.665;45.283
Riding;35101;Spadina-Fort York;75610;87.65;7.554;74.409;25.591;55.468;44.532;72.247;20.56;66.032;28.108
Riding;35102;Stormont-Dundas-South Glengarry;79730;68.603;21.715;50.319;49.681;39.112;60.888;61.326;30.903;40.086;52.785
Riding;35103;Sudbury;73560;81.035;15.855;61.657;38.343;41.61;58.39;67.936;25.72;45.502;47.475
Riding;35104;Thornhill;90825;80.259;12.514;65.725;34.275;44.354;55.646;64.385;26.156;58.286;34.331
Riding;35105;Thunder Bay-Rainy River;68500;83.772;13.091;65.007;34.993;46.689;53.311;68.801;24.661;48.236;45.615
Riding;35106;Thunder Bay-Superior North;67850;80.743;14.548;59.849;40.151;43.699;56.301;68.18;25.449;45.381;49.13
Riding;35107;Timmins-James Bay;62585;77.642;19.069;52.788;47.212;35.115;64.885;65.892;27.177;41.929;50.478
Riding;35108;Toronto Centre;80835;87.221;6.986;73.447;26.553;56.876;43.124;72.341;20.331;68.376;25.628
Riding;35109;Toronto-Danforth;86980;88.641;7.103;76.211;23.789;58.426;41.574;72.78;19.808;66.047;27.248
Riding;35110;University-Rosedale;85730;87.277;7.023;75.023;24.977;56.674;43.326;72.368;20.103;67.562;26.621
Riding;35111;Vaughan-Woodbridge;83545;74.493;18.714;56.726;43.274;42.274;57.726;63.538;29.208;40.943;52.707
Riding;35112;Waterloo;83785;83.433;12.398;69.229;30.771;50.779;49.221;67.841;25.134;51.18;40.693
Riding;35113;Wellington-Halton Hills;91565;73.427;19.462;56.49;43.51;40.159;59.841;62.243;30.26;42.413;51.234
Riding;35114;Whitby;94605;74.057;17.683;56.508;43.492;42.302;57.698;63.535;29.05;44.539;49.243
Riding;35115;Willowdale;96485;83.203;9.936;67.898;32.102;50.306;49.694;68.492;23.283;61.555;32.062
Riding;35116;Windsor-Tecumseh;94495;81.988;13.178;65.996;34.004;50.156;49.844;68.126;25.166;48.858;44.366
Riding;35117;Windsor West;95830;82.304;11.529;66.178;33.822;50.582;49.418;68.588;24.096;53.52;39.687
Riding;35118;York Centre;83600;77.826;13.087;62.271;37.729;45.973;54.027;65.827;25.681;53.584;39.688
Riding;35119;York-Simcoe;76050;75.104;18.619;57.165;42.835;39.964;60.036;62.03;29.827;42.542;50.981
Riding;35120;York South-Weston;93765;82.445;11.056;66.07;33.93;52.133;47.867;69.431;23.232;53.765;39.055
Riding;35121;Humber River-Black Creek;85995;84.847;9.051;69.615;30.385;54.433;45.567;70.154;21.792;58.857;34.057
Riding;46001;Brandon-Souris;130070;65.458;26.832;50.969;49.031;35.657;64.343;61.299;31.42;45.41;45.743
Riding;46002;Charleswood-St. James-Assiniboia-Headingley;67285;72.695;21.828;61.652;38.348;43.266;56.734;63.73;29.116;49.414;43.116
Riding;46003;Churchill-Keewatinook Aski;57425;73.045;19.539;53.369;46.631;39.559;60.441;67.134;26.185;51.199;40.327
Riding;46004;Dauphin-Swan River-Neepawa;66965;61.234;28.136;46.002;53.998;33.044;66.956;60.327;32.094;45.116;45.603
Riding;46005;Elmwood-Transcona;69215;74.858;19.088;60.711;39.289;45.3;54.7;65.43;27.313;51.418;40.993
Riding;46006;Kildonan-St. Paul;67165;69.905;23.572;57.149;42.851;41.687;58.313;63.281;29.815;48.006;43.824
Riding;46007;Portage-Lisgar;64895;55.96;32.457;42.427;57.573;32.296;67.704;58.215;34.384;39.048;52.749
Riding;46008;Provencher;65155;61.142;30.865;45.597;54.403;33.985;66.015;59.438;33.37;40.381;51.364
Riding;46009;Saint Boniface-Saint Vital;66925;74.96;19.523;60.514;39.486;44.82;55.18;65.257;27.456;51.717;40.234
Riding;46010;Selkirk-Interlake-Eastman;292380;63.925;27.629;53.988;46.012;34.806;65.194;60.682;31.992;43.316;48.172
Riding;46011;Winnipeg Centre;64465;80.64;13.605;68.388;31.612;52.022;47.978;69.387;23.647;60.925;31.59
Riding;46012;Winnipeg North;68740;80.297;15.172;66.745;33.255;50.982;49.018;69.088;24.308;55.087;37.108
Riding;46013;Winnipeg South;68400;75.191;19.214;62.47;37.53;44.881;55.119;65.536;27.491;52.521;40.031
Riding;46014;Winnipeg South Centre;75630;80.524;15.309;69.345;30.655;50.89;49.11;68.093;25.036;57.647;35.016
Riding;47001;Battlefords-Lloydminster;53070;60.721;29.125;38.975;61.025;26.179;73.821;59.112;34.164;37.917;54.766
Riding;47002;Cypress Hills-Grasslands;52240;60.538;29.986;42.302;57.698;27.345;72.655;58.356;34.99;39.021;53.187
Riding;47003;Desnethe-Missinippi-Churchill River;47960;65.76;22.207;44.896;55.104;33.219;66.781;62.79;30.271;46.123;44.767
Riding;47004;Carlton Trail-Eagle Creek;54985;62.716;28.411;44.973;55.027;30.099;69.901;59.33;34.251;38.038;55.267
Riding;47005;Moose Jaw-Lake Centre-Lanigan;60830;67.292;25.974;51.133;48.867;32.731;67.269;61.062;32.743;40.855;51.399
Riding;47006;Prince Albert;60410;66.587;25.002;48.338;51.662;33.926;66.074;61.029;32.313;41.834;50.648
Riding;47007;Regina-Lewvan;64555;78.768;17.613;63.94;36.06;44.581;55.419;66.306;27.892;46.655;46.781
Riding;47008;Regina-Qu'Appelle;56555;73.694;19.93;56.419;43.581;39.331;60.669;63.301;29.682;46.653;45.337
Riding;47009;Regina-Wascana;62620;81.966;15.449;67.638;32.362;47.837;52.163;67.953;26.312;50.173;42.939
Riding;47010;Saskatoon-Grasswood;59815;74.682;20.451;57.636;42.364;38.156;61.844;64.679;29.443;44.111;49.104
Riding;47011;Saskatoon-University;61905;76.926;19.454;59.649;40.351;39.954;60.046;65.214;28.981;46.393;47.051
Riding;47012;Saskatoon West;60230;77.832;17.677;61.116;38.884;41.235;58.765;65.702;27.828;48.713;44.076
Riding;47013;Souris-Moose Mountain;56035;55.56;34.927;33.569;66.431;21.199;78.801;56.767;36.814;35.142;56.835
Riding;47014;Yorkton-Melville;57585;58.813;29.461;38.211;61.789;27.439;72.561;58.64;34.61;38.661;53.281
Riding;48001;Banff-Airdrie;79975;67.364;24.635;46.692;53.308;28.769;71.231;60.126;32.238;43.468;49.889
Riding;48002;Battle River-Crowfoot;82125;56.06;33.72;36.175;63.825;22.374;77.626;55.718;36.604;35.883;57.191
Riding;48003;Bow River;75525;57.173;32.822;38.337;61.663;22.814;77.186;55.829;36.334;36.667;55.361
Riding;48004;Calgary Centre;94120;74.94;18.678;53.989;46.011;32.356;67.644;63.899;28.589;51.894;40.396
Riding;48005;Calgary Confederation;94955;74.884;18.127;55.922;44.078;34.286;65.714;64.593;28.109;52.475;40.118
Riding;48006;Calgary Forest Lawn;87490;71.894;19.024;53.818;46.182;34.318;65.682;61.409;29.368;49.46;42.886
Riding;48007;Calgary Heritage;88600;66.348;25.884;45.684;54.316;28.15;71.85;59.534;32.915;43.452;49.736
Riding;48008;Calgary Midnapore;90075;63.595;27.37;41.68;58.32;26.873;73.127;58.806;33.67;39.794;53.611
Riding;48009;Calgary Nose Hill;88905;69.422;22.32;47.367;52.633;29.383;70.617;60.753;30.912;46.327;46.719
Riding;48010;Calgary Rocky Ridge;84160;68.404;24.536;49.233;50.767;28.239;71.761;61.011;31.829;44.089;48.227
Riding;48011;Calgary Shepard;85490;66.762;26.186;47.066;52.934;27.725;72.275;58.994;33.142;42.128;50.781
Riding;48012;Calgary Signal Hill;86585;69.496;23.246;48.251;51.749;28.843;71.157;61.708;31.014;45.126;48.402
Riding;48013;Calgary Skyview;83090;75.405;16.112;54.079;45.921;36.099;63.901;63.683;27.334;52.648;40.097
Riding;48014;Edmonton Centre;91030;79.121;14.931;62.588;37.412;42.542;57.458;66.216;26.38;53.319;39.679
Riding;48015;Edmonton Griesbach;86000;74.568;17.369;57.161;42.839;38.184;61.816;63.739;27.985;50.245;41.862
Riding;48016;Edmonton Manning;84585;76.8;18.189;59.997;40.003;38.103;61.897;63.577;28.387;49.806;42.297
Riding;48017;Edmonton Mill Woods;83065;74.84;18.397;56.733;43.267;35.699;64.301;63.069;28.641;48.487;44.361
Riding;48018;Edmonton Riverbend;85525;75.531;18.473;59.912;40.088;37.537;62.463;64.058;28.675;48.158;45.252
Riding;48019;Edmonton Strathcona;88130;82.168;13.476;64.982;35.018;44.86;55.14;67.722;25.185;55.2;38.814
Riding;48020;Edmonton West;84660;72.155;20.562;53.6;46.4;35.404;64.596;62.247;29.987;45.803;47.754
Riding;48021;Edmonton-Wetaskiwin;85770;67.184;27.418;45.71;54.29;26.574;73.426;58.614;33.574;41.006;51.795
Riding;48022;Foothills;82135;59.823;28.983;39.186;60.814;25.695;74.305;57.943;34.473;39.086;54.535
Riding;48023;Fort McMurray-Cold Lake;80130;57.424;35.267;33.069;66.931;17.451;82.549;56.758;36.342;35.128;58.458
Riding;48024;Grande Prairie-Mackenzie;81095;64.136;31.01;39.412;60.588;21.879;78.121;57.05;34.964;36.827;54.511
Riding;48025;Lakeland;79735;57.306;32.844;32.369;67.631;20.977;79.023;56.384;35.896;35.557;57.435
Riding;48026;Lethbridge;83735;76.188;18.66;58.252;41.748;39.228;60.772;64.346;28.551;45.97;47.622
Riding;48027;Medicine Hat-Cardston-Warner;76850;64.086;27.678;44.118;55.882;27.742;72.258;59.332;33.346;38.744;53.345
Riding;48028;Peace River-Westlock;78755;55.833;31.64;33.611;66.389;22.172;77.828;56.452;35.419;37.403;53.621
Riding;48029;Red Deer-Mountain View;87080;61.051;30.255;41.952;58.048;24.966;75.034;57.309;34.914;37.93;55.57
Riding;48030;Red Deer-Lacombe;87590;59.881;29.315;38.256;61.744;23.473;76.527;57.328;34.439;40.441;50.484
Riding;48031;St. Albert-Edmonton;83070;71.941;21.285;52.393;47.607;35.278;64.722;62.106;30.364;43.738;48.535
Riding;48032;Sherwood Park-Fort Saskatchewan;88440;76.234;19.782;57.199;42.801;37.33;62.67;64.776;28.752;45.001;48.517
Riding;48033;Sturgeon River-Parkland;81965;64.905;28.335;45.858;54.142;27.582;72.418;58.103;34.174;39.854;52.924
Riding;48034;Yellowhead;77760;62.235;31.16;38.441;61.559;20.632;79.368;56.432;35.23;38.494;54.332
Riding;59001;Abbotsford;77140;76.3;16.35;59.011;40.989;38.75;61.25;61.169;32.395;50.375;41.899
Riding;59002;Burnaby North-Seymour;84615;83.987;10.173;65.64;34.36;47.471;52.529;66.979;27.016;58.667;34.616
Riding;59003;Burnaby South;90890;85.425;9.158;69.451;30.549;49.427;50.573;68.044;25.75;61.689;32.339
Riding;59004;Cariboo-Prince George;87275;79.217;14.953;57.941;42.059;36.346;63.654;62.693;30.984;53.069;39.164
Riding;59005;Central Okanagan-Similkameen-Nicola;87755;76.729;15.038;57.382;42.618;38.559;61.441;63.293;30.903;51.36;41.382
Riding;59006;Chilliwack-Hope;73720;77.469;15.193;59.195;40.805;40.075;59.925;62.418;31.45;51.128;41.517
Riding;59007;Cloverdale-Langley City;79205;81.515;13.33;65.22;34.78;43.55;56.45;63.812;30.019;53.311;39.668
Riding;59008;Coquitlam-Port Coquitlam;90580;81.237;12.587;63.796;36.204;43.327;56.673;64.425;29.348;56.303;36.732
Riding;59009;Courtenay-Alberni;186100;82.206;11.002;64.23;35.77;45.235;54.765;65.923;27.785;60.366;32.547
Riding;59010;Cowichan-Malahat-Langford;81020;85.231;10.671;67.778;32.222;46.368;53.632;66.512;27.413;57.298;34.969
Riding;59011;Delta;82330;83.469;11.302;66.927;33.073;45.145;54.855;65.716;28.073;57.872;35.41
Riding;59012;Fleetwood-Port Kells;89095;83.968;10.725;67.41;32.59;45.979;54.021;65.809;27.54;58.776;34.098
Riding;59013;Kamloops-Thompson-Cariboo;98220;79.738;14.065;61.146;38.854;37.645;62.355;63.756;30.174;53.256;39.532
Riding;59014;Kelowna-Lake Country;90690;79.291;14.814;61.556;38.444;40.726;59.274;63.215;31.007;50.293;43.474
Riding;59015;Kootenay-Columbia;88220;78.976;15.31;57.967;42.033;35.458;64.542;63.68;30.759;50.935;41.109
Riding;59016;Langley-Aldergrove;82695;77.208;15.697;57.463;42.537;39.189;60.811;61.737;32.057;49.876;43.509
Riding;59017;Mission-Matsqui-Fraser Canyon;71345;81.671;12.455;62.988;37.012;41.247;58.753;63.751;29.187;55.825;37.283
Riding;59018;Nanaimo-Ladysmith;95830;85.06;10.182;68.17;31.83;47.166;52.834;67.177;26.843;59.372;33.766
Riding;59019;New Westminster-Burnaby;91620;84.688;9.087;66.714;33.286;50.561;49.439;68.684;25.613;61.205;32.049
Riding;59020;North Okanagan-Shuswap;100780;78.135;14.401;57.453;42.547;39.003;60.997;63.253;30.644;52.326;40.52
Riding;59021;North Vancouver;91370;82.691;11.346;66.226;33.774;45.187;54.813;66.335;28.016;60.456;32.005
Riding;59022;Pitt Meadows-Maple Ridge;75595;81.603;12.814;62.111;37.889;43.706;56.294;64.132;29.632;55.218;36.835
Riding;59023;Port Moody-Coquitlam;88825;83.579;11.528;68.719;31.281;47.241;52.759;66.252;28.141;56.606;37.009
Riding;59024;Prince George-Peace River-Northern Rockies;84260;73.785;18.861;48.385;51.615;28.773;71.227;60.496;33.331;45.294;48.675
Riding;59025;Richmond Centre;81710;81.313;11.315;64.979;35.021;43.761;56.239;64.372;28.21;60.834;31.44
Riding;59026;Esquimalt-Saanich-Sooke;94160;86.01;9.316;68.937;31.063;49.595;50.405;68.024;26.036;60.062;33.936
Riding;59027;Saanich-Gulf Islands;88930;85.619;9.242;68.132;31.868;49.868;50.132;68.536;25.906;60.223;33.024
Riding;59028;Skeena-Bulkley Valley;71735;83.089;11.81;63.151;36.849;42.209;57.791;66.753;27.739;55.101;38.111
Riding;59029;South Okanagan-West Kootenay;93865;82.63;12.365;63.418;36.582;43.066;56.934;65.521;28.662;55.949;36.842
Riding;59030;South Surrey-White Rock;78655;81.132;12.655;63.359;36.641;44.192;55.808;65.031;29.235;55.211;37.638
Riding;59031;Steveston-Richmond East;82210;82.559;10.864;64.991;35.009;44.299;55.701;65.066;27.778;59.505;33.828
Riding;59032;Surrey Centre;89635;87.362;8.325;70.891;29.109;49.781;50.219;67.926;25;63.396;29.045
Riding;59033;Surrey-Newton;82690;89.979;6.312;75.449;24.551;53.893;46.107;70.022;22.496;68.328;25.106
Riding;59034;Vancouver Centre;94745;87.517;7.238;72.6;27.4;52.152;47.848;70.785;23.758;69.042;25.248
Riding;59035;Vancouver East;92210;90.233;6.327;77.821;22.179;56.04;43.96;71.65;22.051;69.425;24.804
Riding;59036;Vancouver Granville;87145;86.863;7.851;72.168;27.832;51.616;48.384;69.592;24.337;65.998;27.901
Riding;59037;North Island-Powell River;85645;82.369;12.08;60.037;39.963;39.884;60.116;65.205;28.559;55.6;36.983
Riding;59038;Vancouver Kingsway;86895;87.907;7.452;72.439;27.561;52.613;47.387;69.797;23.437;65.939;27.185
Riding;59039;Vancouver Quadra;86165;86.379;8.204;72.441;27.559;50.853;49.147;69.459;24.796;66.491;26.905
Riding;59040;Vancouver South;84510;84.808;9.02;67.329;32.671;47.781;52.219;67.045;25.609;63.315;29.441
Riding;59041;Victoria;94185;88.153;6.934;74.603;25.397;55.009;44.991;71.32;23.168;67.473;26.438
Riding;59042;West Vancouver-Sunshine Coast-Sea to Sky Country;93515;83.583;10.719;65.231;34.769;44.737;55.263;66.473;27.55;61.496;31.709